,LINE,TYPE,EMOTE SPAMMED,Rarity,Possible Source,CLIP - Sound bit,
1,GOOD FUCKING MORNING BAJS,Greetings,forsenE GFMB forsenGrill GFML,Common,Forsen Greetings,https://youtu.be/IgZrAoU0sPQ,
2,We good we chilling we gucci,Greetings,forsenOkay,Common,Forsen Greetings,https://youtu.be/IgZrAoU0sPQ?t=33,
3,Tamagucci?,Greetings,Pepepains; AYAYA; NaM,Common,Pocket Game Device,https://clips.twitch.tv/ArtisticLitigiousSnoodBigBrother-dHScdtjD4jTclkrr,
4,*stare silentyl*,Famous line,forsenLookingAtYou,Very rare,Forsen himself,https://clips.twitch.tv/WildGentleVampireDatSheffy-7DrFP4bcSvIcE5Jw,
5,... i choose you,Video Game,Pepepains,Rare,Pokemon,https://clips.twitch.tv/LongCarefulMoonBigBrother-tS0Cu2Z1FGU9iqMn,
6,????????? part 1,Random line,WutFace; WAYTOODANK,Uncommon,Forsen,https://clips.twitch.tv/TenaciousTriumphantTortoiseFeelsBadMan,
7,????????? part 2,Random line,WutFace; WAYTOODANK,Very rare,-,https://clips.twitch.tv/PlausibleSavagePastaOptimizePrime-cUF1zGj_Yw5GxWvl,
8,What is this? a comment for four dimensional beings,Famous line,Pepepains,Common,-,https://www.youtube.com/watch?v=ysELwneo8jI&t=521s; https://clips.twitch.tv/BlightedBlindingTitanPoooound-Dx_62PbiHOd8O_Hy,
9,I've 140IQ,Famous line,forsenIQ,Common,Forsen himself,https://clips.twitch.tv/RacyBlitheCakeAliens-6jP9nbv9km4lKt2E,
10,A boot time,Random line,-,Common,-,,
11,A bucket i don't give a fuck it,Random line,Pepepains,Very rare,-,,
12,A CUNT WITH HIS ARSE OUT!,Viral Video,Pepepains ,Common,Mark Tapper crash from ASS OUT,https://github.com/badoge/soundboard/blob/8e4a43f1b92f2bfae44f01726d1c332d3625ceed/forsen/10lines/cunt%20with%20his%20arse%20out1.mp3,
13,As a  wise man once told me .. that wise man was me,Famous line,Pepepains,Uncommon,-,https://clips.twitch.tv/AbstemiousSmoothShieldBIRB-3rDSdC05458gIUuu,
14,After this game,Famous line,forsenY,Common,-,https://github.com/badoge/soundboard/blob/8e4a43f1b92f2bfae44f01726d1c332d3625ceed/forsen/10lines/after%20this%20game.mp3,
15,ALLO,Movie line,ZULUL,Common,Who killed Captain Alex,https://clips.twitch.tv/TenaciousCautiousGaurBleedPurple-07vxW3gDXxAnw-92,
16,Alright Alright Alright,Song lyric,TriKool,Uncommon,Alright Alright Alright,,
17,Among us song,Video Game,amongE,Common,AMONG US GAME ,https://clips.twitch.tv/HealthyProudSwanLitFam-yzjla4CiH_SdgCfC,
18,And my axe,Movie line,Pepepains ,Rare,"LOTR: ""And my Axe""",,
19,YOUR MOM!!,Famous line,Pepepains; forsenHead; YOURMOM,Common,The comedian forsen,https://github.com/badoge/soundboard/tree/master/forsen/your%20mom,
20,Anyways i think im gonna peace out here,Famous line,PepeHands,Common,At the end of every stream,,
21,Back in black,Song lyric,cmonBruh,Common,AC/DC - Back In Black,https://www.youtube.com/watch?v=gn3m0-AuIrw,
22,Bacon is good for me!,TV Show line,KKona,Uncommon,Bacon is good for me,https://clips.twitch.tv/StrongEncouragingFriseeJonCarnage-tJ-e_42AGpuFBXVu,
23,Bada bing bada boom,Famous line,ANELE; Pepepains,Common,-,https://clips.twitch.tv/TacitAmorphousClamOSsloth,
24,Banana split,Random line,-,Very rare,-,https://clips.twitch.tv/GorgeousDaintyClipzPlanking-XhFaj5tYD69u0VwJ,
25,"Bitch, i made you my bitch!",TV Show line,forisn,Rare,Breaking bad: Jesse breakdown,https://clips.twitch.tv/ImportantLuckyKoupreyWoofer-ONolJRZJHQgBA7i_,
26,BITCOOONNEEECT!!!,Viral Video,Pepepains,Uncommon,Bitconnect Ceremony,https://clips.twitch.tv/AntsyColdbloodedSpiderEagleEye-w0yOF8GpCgPTE4Gk,
27,BLISSARD!!!,Famous line,forsenSWA; forsenFITTA,Common,Forsen himself,https://clips.twitch.tv/PerfectCogentTomatoKAPOW-gwWm8mH9-YpOQmWG,
28,borgir,Viral Video,Pepepains,Uncommon,Borgir tiktok,https://clips.twitch.tv/PowerfulMushyAubergineTTours-mKngDlHe9IR0eKFl,
29,Boyyyyyyyy,Viral Video,Pepepains ,Common,Longest yeah boy,https://clips.twitch.tv/PlayfulPolishedMangetoutTTours-Lil-dQUSG1EZ8ENu,
30,Brosef from another mosef!,Random line,Pepepains,Uncommon,-,https://clips.twitch.tv/CoweringLightPeachCurseLit-EVGw-OjC0nUuVZtn,
31,Brother from another mother!,Random line,-,Common,-,,
32,But at what cost?,Famous line,Pepepains ,Rare,Blissart meme,,
33,But first let me take a selfie,Song lyric,Pepepains ðŸ¤³ ,Uncommon,SELFIEâ€‹ - The Chainsmokers,https://clips.twitch.tv/VibrantLittleCoffeeHassaanChop-bdCHwZbBXenwRtcn ,
34,"But iâ€™m not a rapper - sike, thatâ€™s the wrong number - iâ€™m about to end this manâ€™s whole career",Viral Video,-,Uncommon,The rap battles parody,https://clips.twitch.tv/DependableSmellyBulgogiPlanking-W3ysdlGRwAuVdF-r,
35,By fire be purged,Video Game,SMOrc; Pepepains,Uncommon,World of Warcraft,https://clips.twitch.tv/ReliableRelentlessInternHeyGirl-etfehoD0ojmuyjKw,
36,Call me maybe,Song lyric,Pepepains,Rare,Carly Rae Jepsen - Call Me Maybe,https://github.com/badoge/soundboard/blob/8e4a43f1b92f2bfae44f01726d1c332d3625ceed/forsen/random%20singing/call%20me%20maybe1.mp3,
37,Capoeira (kappa),Random line,ZULUL; Kappa,Uncommon,-,https://clips.twitch.tv/CoweringModernStarlingStrawBeary-JnAtICxozIZ4kXsW,
38,CBT,Viral Video,GachiGASM,Very rare,CBT wiki (Couldn't find the original),https://clips.twitch.tv/CulturedGenerousCucumberWTRuck-VlBw7vpckumIhXI_,
39,Clown fiesta,Famous line,forsenClown,Uncommon,-,https://clips.twitch.tv/GlamorousBlindingNarwhalCmonBruh-FJR2B9YAMIaTFP_n,
40,Come with me if you wanna live,Movie line,Pepepains,Rare,Terminator 2 ,https://clips.twitch.tv/BetterEnergeticSharkLitty-9ZJTGnUY4B-shRD3,
41,Comeback israeli,Random line,ANELE; ABDULpls,Common,-,https://clips.twitch.tv/EnergeticAmorphousCrocodileKappaPride-2kft-L5IROFwVl-U,
42,Copesen,Famous line,Copesen,Uncommon,Cope meme,https://clips.twitch.tv/InquisitiveSucculentYakBudBlast-J8rdL60eTJ_CfdtC,
43,Cosmetic comment,Famous line,LULW ,Common,-,https://clips.twitch.tv/CreativeLongGalagoSaltBae-iZBwBQSsgDbVpewy,
44,Desperate times calls for desperate measures,Famous line,Pepepains,Uncommon,-,https://clips.twitch.tv/EnchantingSuspiciousSharkWow-cAmiorF-nwzkl4Zt,
45,Do you know what it is?,Song lyric,Pepepains,Very rare,-,https://clips.twitch.tv/AverageSlipperyReubenGingerPower-9BL9U8K8JhyfR2zq,
46,Do you wanna build a dung man?,Movie line,Pepepains,Very rare,Forzen - Do You Want to Build a Snowman?,https://clips.twitch.tv/BreakableSourHyenaWTRuck-h7fXBwxNlocKMDpp,
47,Donde esta el perro,Random line,pepeSenora ,Uncommon,-,,
48,Don't be a loser buy a diffuser!,Video Game,Pepepains,Rare,old meme,https://clips.twitch.tv/DirtyJollyHabaneroCopyThis-hdFZeiGu599kdd3t,
49,DOUBLE RAINBOW,Viral Video,Pepepains,Rare,Double rainbow song,https://github.com/badoge/soundboard/blob/8e4a43f1b92f2bfae44f01726d1c332d3625ceed/forsen/10lines/double%20rainbow.mp3,
50,Enjoy your life!,Famous line,"PepeHands, forsenGa",Very rare,GTA V RP streams,https://github.com/badoge/soundboard/blob/8e4a43f1b92f2bfae44f01726d1c332d3625ceed/forsen/10lines/enjoy%20your%20life.mp3,
51,Everybody in uganda knows kong fu,Movie line,ZULUL,Rare,Who killed Captain Alex,https://github.com/badoge/soundboard/blob/8e4a43f1b92f2bfae44f01726d1c332d3625ceed/forsen/10lines/everybody%20in%20the%20nether%20knows%20kung%20fu.mp3,
52,Everyone needs to relax,Famous line,forsenW,Uncommon,Drunk forsen,https://clips.twitch.tv/GiantPrettiestApeGrammarKing-TxApzENGrpsSUo6C,
53,Expecto Patronum!,Movie line,Pepepains,Very rare,HARRY POTTER,https://clips.twitch.tv/PlausibleBetterLyrebirdSoBayed-M7C4eZT1hA4mzLVm,
54,EXTRAORDINARY!,Famous line,Pepepains,Common,-,https://clips.twitch.tv/OnerousDreamySashimiWholeWheat-lnbAP85exjM1cb73,
55,EZ4forsen,Song lyric,forsenPls,Uncommon,The verkkars - EZ4ENCE,https://clips.twitch.tv/FlaccidSparklingChimpanzeePraiseIt-bpj49cOYdXOvO80I,
56,FAN OF KNIVES!,Famous line,PagMan,Rare,Hearthstone era,https://clips.twitch.tv/BraveOilyRadicchioMau5-10SNUMXzK4mLC4G8,
57,"F--f-freestyler, rock the microphone",Song lyric,Pepepains,Rare,Bomfunk MC's - Free Styler ,https://clips.twitch.tv/CaringResourcefulKeyboardWTRuck,
58,FIRE IN THE HOLE,Video Game,-,Uncommon,Counter Strike,https://clips.twitch.tv/AverageRoughClipsdadBleedPurple-fbauwBQr8ChP-he1,
59,Fisting is 300 bucks,Viral Video,VaN,Uncommon,GACHIMUCHI,https://github.com/badoge/soundboard/blob/8e4a43f1b92f2bfae44f01726d1c332d3625ceed/forsen/10lines/fisting.mp3,
60,FOR DALARAN,Video Game,Pepepains,Very rare,Hearthstone ,https://clips.twitch.tv/ArtsyColdbloodedDragonUncleNox-yv4alYuJwvb1zDGU,
61,For sho for sho,Movie line,-,Uncommon,Superbad,https://clips.twitch.tv/InquisitiveLovelyYogurtShazBotstix-CutyM3VZppmPVkn6,
62,Forsen forsen forsen im your number one fan,Famous line,forsenCD; HackerCD,Rare,DrDisrespect vs Forsen,https://clips.twitch.tv/UglyRealYamLitFam-ji7IbdE61UFgswLQ,
63,AAAHHH forsenWTF,Famous line,forsenWTF,Common,-,https://clips.twitch.tv/RenownedHonorableShrewCmonBruh-QJSaFpsRU_l7C8qG,
64,fr fr,Famous line,forsenJoy; Trikool,Common,Forsen himself,https://clips.twitch.tv/ShinyYawningToadArsonNoSexy-kzfjq48bkm4lCqLS,
65,FUCK ME WITH A STICK,Famous line,GachiGASM,Common,Forsen himself,https://clips.twitch.tv/NurturingOriginalOrangeOMGScoots-jd1VdiFeHHNsaJgt,
66,Fucking science yeah mr white,TV Show line,forisn,Very rare,Breaking Bad: jesse ,https://youtu.be/fMAzHz8RsZw,
67,Get out of me mum's car,Viral Video,TwaT; Pepepains,Uncommon,Vine ,https://clips.twitch.tv/IgnorantProudLasagnaCorgiDerp-aupT2G3LEeEQHjJI,
68,GET TO THE CHOPPER,Movie line,Pepepains,Rare,Predator,https://github.com/badoge/soundboard/blob/8e4a43f1b92f2bfae44f01726d1c332d3625ceed/forsen/10lines/back%20to%20the%20choppa.mp3,
69,GIMME GIMME,Famous line,ZULUL; TriHard,Uncommon,Who killed Captain Alex,https://clips.twitch.tv/TemperedVictoriousNewtPanicBasket-SewO5lCtglsm0d8V,
70,"Give it here, malfoy",Movie line,Pepepains,Rare,Harry Potter Movies,https://youtu.be/-fTMNMngaOg?t=862,
71,"Give them nothing, but take from them... everything",Movie line,-,Very rare,300,,
72,HARRY POTTAH!,Movie line,Pepepains,Common,EVERYTIME SOMEONE SAYS HARRY POTTAH,https://clips.twitch.tv/CrunchyPiercingHorseTTours ; https://clips.twitch.tv/SteamyColdMangetoutTheRinger-2qFlsC6b0IuQgRh1,
73,He vented,Video Game,amongE,Rare,AMONG US GAME ,https://clips.twitch.tv/TriangularDependableFoxNomNom-JUhvs5DxtzxSRHaA,
74,Heehee,Famous line,Pepepains,Very rare,Michael Jackson,https://clips.twitch.tv/PuzzledArborealGarlicStrawBeary-ykHSlR270kj9_Hkk,
75,Hello is it me you're looking for,Song lyric,Pepepains,Rare,Lionel Richie - Hello ,https://github.com/badoge/soundboard/blob/8e4a43f1b92f2bfae44f01726d1c332d3625ceed/forsen/random%20singing/hello1.mp3,
76,Hello motherfucker,Viral Video,Pepepains,Rare,"Kid saying ""Hello Motherfucker""",https://clips.twitch.tv/BlightedGlamorousNoodleDxAbomb-SlYT3mLZfVzfhfMj,
77,"Hello, step into my castle",Random line,Pepepains,Very rare,-,,
78,Help i need somebody,Song lyric,Pepepains,Rare,The Beatles - Help!,https://clips.twitch.tv/CredulousJollyGrousePupper-_s_GzE66MtkKePy7,
79,Here We Go!,Video Game,SupaMaldio ,Uncommon,Mario,https://clips.twitch.tv/TriumphantHeadstrongPelicanHassanChop-4b9iIsso1kPnX5Ho,
80,Here's the deal with homeless people,Famous line,4House ,Common,Forsen Plays Comedy Night ,https://clips.twitch.tv/SuccessfulAmericanPicklesOSkomodo-Vg-c0ydygvtbE7JU,
81,HEY HEY HEY,Viral Video,Pepepains,Uncommon,Bitconnect Ceremony,,
82,ey marina,Viral Video,Pepepains,Common,Ey Marina,https://github.com/badoge/soundboard/blob/8e4a43f1b92f2bfae44f01726d1c332d3625ceed/forsen/10lines/hey%20marine.mp3,
83,Heyeayeayeayea heyeayea! what's goin' on?!,Song lyric,GACHIPRIDE,Very rare,HEYYEYAAEYAAAEYAEYAA,,
84,Hit me baby one more time,Song lyric,Pepepains,Uncommon,Britney Spears - ...Baby One More Tim,https://github.com/badoge/soundboard/blob/8e4a43f1b92f2bfae44f01726d1c332d3625ceed/forsen/random%20singing/hit%20me%20baby1.mp3,
85,Hold your horses,Famous line,monkaE,Common,Forsen himself,https://clips.twitch.tv/FaintBombasticSquirrelBuddhaBar-35ByBK_HfCEK45l8,
86,"Houston, we got a problem",Movie line,Pepepains,Very rare,Apollo 13 ,https://github.com/badoge/soundboard/blob/8e4a43f1b92f2bfae44f01726d1c332d3625ceed/forsen/10lines/houston.mp3,
87,HOW CAN SHE SLAP?,Viral Video,ANELE; ABDULpls,Uncommon,HOW CAN SHE SLAP?,,
88,How could this happen to me,Song lyric,Pepepains,Very rare,Simple Plan - Untitled,,
89,Humungous wot,Viral Video,HotPocket,Very rare,Hugh Mungus vid,,
90,I can't believe you have done this,Viral Video,Pepepains; TwaT,Common,I can't believe you have done this,https://clips.twitch.tv/OpenBenevolentGoblinPastaThat,
91,I can't see shit in the mist,Famous line,forsenT,Common,Can't see shit in this mist,https://clips.twitch.tv/TacitAmorphousClamOSsloth,
92,I got 99 problems but ...,Song lyric,Pepepains,Rare,JAY Z - 99 PROBLEMS,https://clips.twitch.tv/TrustworthyAdorableMarjoramWoofer-envRtvymW8pqTNQT,
93,I like turtles,Viral Video,Pepepains,Very rare,Zombie Kid likes turtles,https://github.com/badoge/soundboard/blob/8e4a43f1b92f2bfae44f01726d1c332d3625ceed/forsen/10lines/i%20like%20turtles.mp3,
94,I prefer men,Movie line,ZULUL,Rare,Who killed Captain Alex,https://clips.twitch.tv/WonderfulFreezingPancakeDuDudu-gPz8C2CBAGZ2nZUc,
95,I really really really like you,Song lyric,Pepepains,Rare,Carly Rae Jepsen - I Really Like You,https://clips.twitch.tv/StylishWittyJellyfishDogFace-4qAEmqV0iPxsZgyH,
96,I was testing you chat and you failed the test,Random line,Sadeg,Very rare,-,https://clips.twitch.tv/RamshackleWanderingTapirAMPEnergy-AiEq4fbEdS_hGE6O,
97,I will be here for you!,Song lyric,Pepepains,Very rare,-,https://clips.twitch.tv/ArborealEncouragingWallabyDatSheffy-tpSUGmBJ632Mb0Hs,
98,I will remember you!,Song lyric,Pepepains,Uncommon,Sarah McLachlan - I Will Remember You,https://clips.twitch.tv/JollyWealthyTomatoThisIsSparta-K4oNWuPjT2SVNM9I,
99,I WILL SURVIVE!,Song lyric,Pepepains,Very rare,Gloria Gaynor - I Will Survive,https://youtu.be/aXiTYYJIOM4?t=27,
100,Ichiban lipstick for men!,TV Show line,Pepepains; AYAYA; NaM,Very rare,Friends,,
101,IDIOTA,Video Game,LULW; pepeLaugh,Common,GTA SA PLAYTHROUGH,https://clips.twitch.tv/HumbleBoxySproutAllenHuhu-BRrQYuBPhpP7Aden,
102,Idk kev,Famous line,eShrug,Uncommon,Harstem - MrBitter imitation,https://clips.twitch.tv/DepressedGenerousHorseradishStrawBeary-6TDBnaaaY1eN8F5L,
103,If i speak,Viral Video,monkaLaugh,Very rare,Jose Mourinho Interview,https://clips.twitch.tv/ObeseIncredulousOpossumHassaanChop-PQdhuTim1vIfvlV7,
104,If you don't snus,Famous line,Pepepains; haHAA,Uncommon,PSA if you snus ; legendary clip  ,https://clips.twitch.tv/YummyProtectiveWalrusTakeNRG-BIWMLexRGeLmfndh,
105,If you think you can beat me in 123,Viral Video,GachiGASM,Uncommon,GACHIMUCHI,https://clips.twitch.tv/RelievedRelatedHyenaPeteZaroll-TjXe29BiFiz3jijv,
106,If you're not in you can't win,Famous line,Pepepains,Common,-,https://youtu.be/7ImckMyom0E?t=34,https://clips.twitch.tv/GiantImportantSoymilkJKanStyle-wZrpx6_2xlq9g2O_
107,I'm chicken... I'm chicken I'm chicken,Famous line,MODS,Very rare,Forsen himself,https://clips.twitch.tv/ColdbloodedPlainJayNononoCat-ZODLK-froQx3DY86,https://clips.twitch.tv/SillyMoralCodTwitchRaid-hPuvFoEWdURp5CmM
108,I'm coming home.,Song lyric,FeelsStrongMan,Uncommon,Skylar Grey - Coming Home,,
109,IM FUCKING MALDING,Famous line,forsenMald ,Common,Forsen Himself,,
110,I'm going mentaly insane!,Random line,ZULOL,Very rare,Forsen Himself,https://github.com/badoge/soundboard/blob/8e4a43f1b92f2bfae44f01726d1c332d3625ceed/forsen/10lines/going%20insane%20zulol.mp3,
111,I'm going up so you better get this party started!,Song lyric,Pepepains,Very rare,Shirley Bassey - Get The Party Started,https://clips.twitch.tv/HeartlessHelpfulDragonfruitKappaRoss-9wEOoch3RVrC0Eqr,
112,I'm just a streamer!,Song lyric,FeelsBadMan,Rare,DJ KARL THE DOG - I'm Just A Memer,https://clips.twitch.tv/BovineObliviousCougarHassanChop-OuICuJX0i4sLxdpJ,
113,I'm lovin' it!,Viral Video,Pepepains; Opieop,Very rare,McDonalds,https://clips.twitch.tv/ImpartialClumsyManateeDBstyle-Ytrl6thzxGnMAryz,
114,I'm only human!,TV Show line,monkaPickle,Rare,im only human amazon ad ,https://clips.twitch.tv/SourBrightHamsterRalpherZ-GEdGDHIUOt6OyyxO,
115,IMMA FIRIN MAH' LAZER!!!,Viral Video,Pepepains,Very rare,Shoop Da whoop ,https://github.com/badoge/soundboard/blob/8e4a43f1b92f2bfae44f01726d1c332d3625ceed/forsen/10lines/laser3.mp3,
116,In sveden we have snus,Famous line,"forsenGa, SvenLookingAtYou",Very rare,GTA V RP streams,https://github.com/badoge/soundboard/blob/8e4a43f1b92f2bfae44f01726d1c332d3625ceed/forsen/sven/in%20sweden%20we%20have%20snus.mp3,
117,Insane in the membrane,Song lyric,ZULOL; forsenInsane,Common,Cypress Hill - Insane In The Membrane,https://clips.twitch.tv/ArbitraryBlazingWombatShazBotstix-gS9wpAXhtDroNYu2,
118,Is it too late now to say sorry?,Song lyric,JB â™¥ - Pepepains,Uncommon,Justin Bieber - Sorry,https://clips.twitch.tv/HappyColorfulScallionPJSalt-ENcxVWuKL2fr87vC,
119,Is this the forsen build?,Famous line,Pepepains ,Common,Dark souls streams,https://clips.twitch.tv/PrettiestPreciousPotNomNom-KEN2-Ktyg3A3thu2,
120,It ain't easy when it's hard,Random line,-,Uncommon,-,https://clips.twitch.tv/GlamorousBlindingNarwhalCmonBruh-FJR2B9YAMIaTFP_n,
121,It go down!,Viral Video,Pepepains,Uncommon,Robert it goes down,https://github.com/badoge/soundboard/blob/8e4a43f1b92f2bfae44f01726d1c332d3625ceed/forsen/10lines/it%20do%20go%20down.mp3,
122,It happens to the best of us,Random line,-,Common,-,https://clips.twitch.tv/ExuberantImpartialClamKappaRoss-0HD9Tvpe_cEc1s0H,
123,It rain it pours,Random line,-,Uncommon,-,https://github.com/badoge/soundboard/blob/8e4a43f1b92f2bfae44f01726d1c332d3625ceed/forsen/random%20singing/when%20it%20rains%20it%20pours.mp3,
124,It was rigged from the start,Video Game,-,Very rare,Fallout 3: New Vegas,,
125,It's a miracle rogue!,Famous line,FeelsStrongMan; PagMan,Rare,Hearthstone era,https://clips.twitch.tv/JollyEvilSeahorseRaccAttack-1yuBXBCFZf8TUZhZ,
126,It's friday!,Song lyric,RebeccaBlack ,Uncommon,Rebecca Black - Friday,https://clips.twitch.tv/IronicBusyLobsterBrokeBack-0TAJA4ACapWKTPcH,
127,It's high noon somewhere in the world,Famous line,Pepepains,Common,"Overwatch, McCree ULT",https://www.youtube.com/watch?v=LE57UIBmBMw,
128,It's OVAH! don't you get it,Famous line,Pepepains,Common,Gross Gore perma banned from twitch,https://clips.twitch.tv/BadColdbloodedMartenPicoMause-kZGLelzj5k0FCAL1,
129,It's the exact same rank!,Famous line,-,Very rare,Hearthstone era,,
130,Winnable!,Random line,ABDULpls; Pepepains,Common,-,https://clips.twitch.tv/RockyNeighborlyPidgeonUnSane-Fq_UmS1YpP9uYZN-,
131,I'VE A BACKPACK I'VE A BACKPACK,Random line,HONEYDETECTED,Rare,HONEYDETECTED (LOUD),https://clips.twitch.tv/FlirtyThankfulTroutDatSheffy-gvLPxqgif9Jdn3h3,
132,"I've a key, ugandan key",Movie line,ZULUL,Common,UGANDAN KEY,https://clips.twitch.tv/FrozenAverageSalsifyBIRB-4h0FNkpQdorCgI-W,
133,I've never seen a woman,Movie line,ZULUL,Rare,Who killed Captain Alex,https://clips.twitch.tv/GentleOpenVanillaKevinTurtle-9QYmguT0ENvvgyN2,
134,Juan deag,Viral Video,pepeSenora ,Very rare,CSGO Meme,https://clips.twitch.tv/MotionlessCourteousCakePhilosoraptor,
135,Just get a house,Famous line,4House ,Uncommon,Forsen plays: Comedy Night,https://clips.twitch.tv/AwkwardDoubtfulKiwiBudStar-2iWTTSMTkGyBv_XC,
136,Just the two of us,Song lyric,Pepepains,Very rare,Grover Washington Jr. feat. Bill Withers - Just The Two of Us,https://clips.twitch.tv/CloudyAbrasiveEggplantSwiftRage-HziNNF98RZfHfUNg,
137,Justice is the man's retribution,Random line,-,Very rare,-,,
138,Kappa 123,Famous line,kappa 123,Uncommon,Old twitch meme,https://clips.twitch.tv/BelovedDifficultStarDAESuppy-R3L-xAc52iaoJXeJ,
139,Keep the change you filithy animal,Movie line,Pepepains,Very rare,Home alone,,
140,King of the castle,Movie line,Pepepains,Uncommon,BORAT,https://clips.twitch.tv/FunnyExquisiteWrenLitty-heAEhRkKEhKJKI50; https://clips.twitch.tv/LongPreciousDiscChefFrank-zGtKrmbQ--jNY952,
141,Ladder goat!,Random line,-,Very rare,[Dopefish] Laddergoat aka What Is Wrong With This Guy?,,
142,Ladies and gentlmen of the arena!,Famous line,forsenCD,Common,Dr. Disrespect,https://clips.twitch.tv/SpicyLovelyPhoneLitFam-j7-H7MIGg0kIfaFx,
143,Leave britney alone!,Viral Video,Pepepains,Very rare,Leave Britney AloneÂ ,https://github.com/badoge/soundboard/blob/8e4a43f1b92f2bfae44f01726d1c332d3625ceed/forsen/10lines/leave%20britney%20alone.mp3,
144,Legitness!!1!!,Viral Video,Pepepains ,Uncommon,That was legitness,https://github.com/badoge/soundboard/blob/8e4a43f1b92f2bfae44f01726d1c332d3625ceed/forsen/10lines/that%20is%20legitness.mp3,
145,Let me smell YO DICK,Song lyric,Pepepains; forsenWhat,Very rare,Smell Yo Dick - Riskay,https://clips.twitch.tv/SillyBelovedSkirretKeepo-2s-rFFsrB_V53COF,
146,Leviosaa!,Movie line,Pepepains,Uncommon,Wingardium Leviosa (Harry Potter Parody Animation) - Oney Cartoons,https://clips.twitch.tv/SavageAbnegatePeachSMOrc-ITz_CshozMyeZI_1,
147,Like a boss!,Song lyric,Pepepains,Rare,The Lonely Island ft. Seth Rogen - Like A Boss,https://clips.twitch.tv/FunInterestingBananaDancingBaby-SaINb7r1eF3SaqKk,
148,Lit as FUCK BOI!,Random line,Pepepains,Uncommon,-,,
149,Look at you go!,Movie line,Pepepains,Very rare,The Dark Knight ,,
150,Luke im your father!,Movie line,BatChest; Pepepains,Very rare,Star Wars EP5,https://clips.twitch.tv/MoistViscousBubbleteaJebaited-aD_Ofkt8usKBQyK-,
151,madafaka madafaka,Famous line,-,Common,Pulp fiction ,https://github.com/badoge/soundboard/blob/8e4a43f1b92f2bfae44f01726d1c332d3625ceed/forsen/10lines/madafaka%20madafaka.mp3,
152,Master bruce,Famous line,- ,Very rare,-,https://clips.twitch.tv/ToughEndearingNewtUWot-Ad3C-bu04VCatFCq,
153,May there be light,Famous line,Pepepains,Rare,-,https://clips.twitch.tv/RockyAbnegateKoupreyGivePLZ-9UcdwwMDrQZQ9BBV,
154,Meat is murder .. sir this is a bakery,Random line,-,Very rare,This is library (?) ,https://clips.twitch.tv/ThankfulObliqueWoodpeckerPJSugar-bOWvRdRYZUCHF5Rs,
155,MEN VA FAN HELVETTE!,Famous line,forsenSWA,Common,FORSEN RAGE DARK SOULS,https://clips.twitch.tv/RefinedClumsyCatLitty-hHXLlbvlirddwBXd,https://clips.twitch.tv/FineThirstyConsoleTwitchRaid-cAeyR8OpreUKH2ys
156,MODS! Ban vadikus and samme1g .. Permaban,Famous line,MODS,Rare,Forsen himself,https://www.youtube.com/watch?v=hkbKZfVfVI0,
157,Mods! scroll up!,Famous line,MODS,Common,Forsen himself,https://github.com/badoge/soundboard/blob/8e4a43f1b92f2bfae44f01726d1c332d3625ceed/forsen/mods/mods%20scroll%20up%20and%20ban%20that%20guy.mp3,
158,MORE DPS,Viral Video,-,Very rare,Onyxia Wipe Animation,https://clips.twitch.tv/SmoothRelatedCaterpillarPunchTrees-CxbFAZQW_0zP5aJE,
159,Mussle,Famous line,forsenT,Common,Forsen himself (his way to say muscle),,
160,My instincts are telling me no but my body is telling me yes!,Song lyric,Pepepains,Very rare,Bump and Grind,,
161,"My life is potato, all i dream about is potato",Viral Video,Pepepains,Common,My Life is potato,https://clips.twitch.tv/EndearingSmoothLaptopPipeHype-iSkwlZI7_-9pnisk,
162,My name is jeff,Movie line,Pepepains,Rare,22 Jump Street,https://github.com/badoge/soundboard/blob/8e4a43f1b92f2bfae44f01726d1c332d3625ceed/forsen/10lines/jeff.mp3,
163,My name is pewdiepie,Random line,cmonBruh,Very rare,Evolution of Pewdiepie intro,,
164,My name is sven,Famous line,forsenGa,Very rare,Forsen himself,https://github.com/badoge/soundboard/blob/8e4a43f1b92f2bfae44f01726d1c332d3625ceed/forsen/sven/sven.mp3,
165,My spider senses are tingling,TV Show line,Pepepains,Rare,SpiderMan ,https://clips.twitch.tv/TenaciousAntediluvianMacaroniJebaited-3VD6jp2yb1e8H4DU,
166,Need a medic over here,Video Game,-,Very rare,-,,
167,Netflx and chill,Famous line,Pepepains,Uncommon,Forsen Himself,https://clips.twitch.tv/PrettiestEnchantingJellyfishStoneLightning-fpECn7nJobePthcg,
168,NEVER AM I EVER FUCKING LUCKY!,Famous line,forsenClown; BabyRage;,Common,Hearthstone era,https://clips.twitch.tv/GloriousShortLouseLitty-BYrrZgvk6YamPRXf,
169,Never say never,Song lyric,JB â™¥ - Pepepains,Uncommon,Justin Bieber - Never Say Never,https://youtu.be/Frqu--76CBA?t=150,
170,Nintendo64!!!!,Viral Video,Pepepains,Rare,Nintendo 64 kid ,https://github.com/badoge/soundboard/blob/8e4a43f1b92f2bfae44f01726d1c332d3625ceed/forsen/10lines/nintendo64.mp3,
171,No i don't think so,Viral Video,NOIDONTTHINKSO,Common,NÃ¥ I don't think sÃ¥,https://clips.twitch.tv/CrazyIgnorantTriangleCoolStoryBob,
172,No refunds mods,Famous line,MODS,Uncommon,Forsen himself ,https://clips.twitch.tv/GiantCreativeRabbitDendiFace-ppdWYxLdnP_DBc4Z,
173,No spammerino in the chatterino,Viral Video,forsenPls,Common,alisha12287,https://github.com/badoge/soundboard/blob/8e4a43f1b92f2bfae44f01726d1c332d3625ceed/forsen/10lines/no%20spammarino.mp3,
174,No way jose,Random line,Pepepains,Uncommon,-,https://clips.twitch.tv/CrunchyAthleticPeachTooSpicy-0vZBpaehpnfwDWql,
175,NOT THE BEES,Movie line,Pepepains,Very rare,The Wicker Man - Nic Cage,https://clips.twitch.tv/DistinctDistinctOkapiOpieOP-k_wsr8WX4HF9FMNt,
176,Not the boat anything but the boat,Random line,Pepepains,Very rare,-,https://clips.twitch.tv/RealSpineyWerewolfCopyThis-V5o7QPiiKp6619Ke,
177,Nothing here,Viral Video,ZULUL; Pepepains,Common,Nathing here,https://clips.twitch.tv/FurtiveLongPanPunchTrees-ZNQykHKaUHkjxlZG,
178,NOT LIKE THIS,Random line,NOTLIKETHIS,Very rare,Twitch Global Emote,https://clips.twitch.tv/PiliableGracefulWhalePeteZaroll-KpCSopHniaaMFYRA,
179,Old but gold,Random line,,Rare,,https://clips.twitch.tv/DifferentKnottyHorseradishTheTarFu-v75r88SJ9DNFttYP,
180,Omelette du fromage,TV Show line,Pepepains,Very rare,Dexter's Laboratory,https://clips.twitch.tv/SmoggyRelievedSoymilkOSfrog-2BIPT5Q4mHUS2pFX,
181,One point from lethal,Famous line,OMEGALUL,Uncommon,Hearthstone era,https://clips.twitch.tv/CuteHappySaladArgieB8-rJkQCBiS1Hg0LBYg,
182,One more time!,Song lyric,forsenPls; Pepepains,Rare,Daft Punk - One More Time,https://clips.twitch.tv/FrigidHumbleMouseAMPEnergyCherry-4yXXcDCoo05DAY0P,
183,One way or another,Song lyric,Pepepains,Very rare,Blondie - One Way or Another,https://clips.twitch.tv/LittleElatedPeanutRedCoat-GZ-r5CeeFVs4fk52,
184,Only you can prevent forest fires,Viral Video,Pepepains,Very rare,Forest Fire PSA,,
185,Or are we human,Song lyric,Pepepains,Very rare,The Killers - Human,https://clips.twitch.tv/LazyTubularRingOMGScoots-zJobNi-5t0T25tcz,
186,Or as we say in french â€¦,Random line,Pepepains; ANELE,Rare,-,https://clips.twitch.tv/BitterDarkButterCmonBruh-xAEGXiC3VcUdyvHt,
187,ORDAH !!,Viral Video,TwaT,Uncommon,UK Politics,https://clips.twitch.tv/BlindingEasyDumplingsPastaThat-q3BJ_OI5s_xhNFDg,
188,Ouch charlie!,Viral Video,Pepepains,Rare,Charlie bit my finger,https://clips.twitch.tv/HealthySpunkyCrabsBlargNaut-daqfwfds0p1FcoGa,
189,Overconfidence is a slow and insidious killer,Video Game,Pepepains,Very rare,-,https://clips.twitch.tv/ElegantBoredLegPrimeMe-UwDvqLonOlyxLyvx,
190,Perfectly splendid,Random line,Pepepains,Rare,-,https://clips.twitch.tv/CrunchyPlainMeerkatMingLee-BHeR4n80vMLxPIxm; https://github.com/badoge/soundboard/blob/8e4a43f1b92f2bfae44f01726d1c332d3625ceed/forsen/10lines/quite%20impressive.mp3,
191,Pogress has been made,Famous line,Pog,Very rare,-,,
192,Por foavor,Random line,pepeSenora ,Common,-,https://clips.twitch.tv/ArbitraryOutstandingAsteriskBlargNaut-iumBrTYTyXmgsWZ-,
193,"Pretty much everywhere, it's gonna be hot",Viral Video,Pepepains,Very rare,"Pretty much everywhere, it's gonna be hotÂ ",,
194,Previously on lost,TV Show line,Pepepains,Common,lost,https://clips.twitch.tv/SavageColdFennelBIRB-qSP_x1f4L7guXZSK,
195,Pussel,Famous line,forsenT,Uncommon,"Forsen saying ""puzzle""",https://clips.twitch.tv/RacyBlitheCakeAliens-6jP9nbv9km4lKt2E,
196,TwaT,Random line,TwaT; Pepepains,Common,-,https://clips.twitch.tv/GiftedSaltyCoffeeSpicyBoy-9t6AcXmtNwKxj5Ap,
197,Really? you've got to be kidding me!,Random line,TwaT; Pepepains,Common,Forsen himself ,https://clips.twitch.tv/BenevolentRealEggYee-eJc80iiU-vy8Z53j,
198,Remember children swish and flick!,Viral Video,Pepepains,Rare,HARRY POTTER PARODY ,https://clips.twitch.tv/BreakableDrabSangCoolStoryBob-8PHb_X6lpEtMfBmE,
199,Remember me mr freedro,Random line,-,Very rare,-,https://clips.twitch.tv/NimbleBreakableHawkKippa-Zv_h89pl_S0MquXN,
200,Right into the feels,Random line,,Very rare,-,,
201,Risk it for the biscuit,Famous line,Pepepains,Uncommon,Forsen himself,https://clips.twitch.tv/BoldCaringPineappleFloof-Pp_5s1-S4g9_WA38,
202,RARARAH RARARH RAAAAUUUUL,Famous line,forsenCD,Very rare,Dr.Disrespect,https://github.com/badoge/soundboard/blob/8e4a43f1b92f2bfae44f01726d1c332d3625ceed/forsen/10lines/raul.mp3,
203,See you in the next episode,Song lyric,-,Common,"Dr. Dre ft. Snoop Dogg, Kurupt, Nate Dogg - The Next Episode",,
204,Shieeeeeeet!,TV Show line,TriHard; cmonBruh,Rare,Shieeet,,
205,SHIT IN MY ASS!,Famous line,GachiGASM,Common,Forsen himself,https://clips.twitch.tv/RefinedClumsyCatLitty-hHXLlbvlirddwBXd,
206,SHUT THE FUCK UP PEPPAH!,Famous line,forsenSWA,Rare,peppah.mp4,https://github.com/badoge/soundboard/blob/8e4a43f1b92f2bfae44f01726d1c332d3625ceed/forsen/10lines/STFU%20bb.mp3,
207,SILENT BUGGY,Famous line,forsenSWA,Very rare,Forsen himself,https://github.com/badoge/soundboard/blob/8e4a43f1b92f2bfae44f01726d1c332d3625ceed/forsen/rage/silent%20buggy.ogg,
208,SLICE THEM UP!,Famous line,DoctorLUL; MegaLUL,Very rare,Dr. Disrespect,,
209,Small loan of a million dollar,Viral Video,DonaldPls ,Very rare,Trump line,,
210,Smoke weed everyday,Song lyric,TriKool,Very rare,The Next Episode - Dr. Dre,https://github.com/badoge/soundboard/blob/8e4a43f1b92f2bfae44f01726d1c332d3625ceed/forsen/10lines/smoke%20weed%20everyday2.mp3,
211,So you think you can dance,TV Show line,-,Very rare,TV Show name: So You Think You Can Dance,https://clips.twitch.tv/DeafSmallTofuTheThing-7GiYuKpOocu19cx5,
212,Some kind of god of war,Famous line,forsenGOW,Common,forsen meme,https://github.com/badoge/soundboard/blob/8e4a43f1b92f2bfae44f01726d1c332d3625ceed/forsen/10lines/god%20of%20war.mp3,
213,Somebody that i used to know,Song lyric,Pepepains,Rare,Gotye - Somebody that I used to know,https://clips.twitch.tv/WrongSnappyCocoaPraiseIt-lYNG6YN9mLUW4OjX,
214,Sometimes in life you gotta go fast,Random line,-,Very rare,Sonic??,,
215,"Sometimes , i pull so hard , i rip the skin",Viral Video,noxWhat,Rare,Oh shit im sorry,,
216,Somewhere deep down my heart .. i still love you,TV Show line,Pepepains,Very rare,"Best Cry Ever TV Show ""Intervention""",https://clips.twitch.tv/VictoriousThoughtfulPlumFrankerZ-NbLLG1tHSlBH8lZS,
217,Songify this - winning,Song lyric,Pepepains,Very rare,Songify This -  Winning ,https://clips.twitch.tv/ArbitraryBlazingWombatShazBotstix-gS9wpAXhtDroNYu2,
218,Speicimen,Famous line,forsenT; forsenGa,Uncommon,SPEICIMEN - SPAIN TRIP W/reckful,https://youtu.be/FN8RI3ILVk8,
219,Stayin alive,Song lyric,Pepepains,Rare,Bee Gees - Stayin' Alive,https://github.com/badoge/soundboard/blob/8e4a43f1b92f2bfae44f01726d1c332d3625ceed/forsen/random%20singing/stayin%20alive1.mp3,
220,Stop calling! stop calling!,Song lyric,Pepepains,Very rare,Lady Gaga - Telephone (Audio) ft. BeyoncÃ©,https://clips.twitch.tv/IcyFastPicklesPeoplesChamp-hIzr5xwj8LYdkxk-,
221,Stop in the name of love,Song lyric,Pepepains,Very rare,Diana Ross & The Supremes - Stop! In The Name Of Love,https://clips.twitch.tv/AgitatedStylishQueleaDancingBanana-bD7A_snEAVaxieNE,
222,Stop it ron it's leviosa,Movie line,Pepepains,Rare,Wingardium Leviosa (Harry Potter Parody Animation) - Oney Cartoons,https://clips.twitch.tv/ShinyPlayfulKaleOhMyDog-lCiW1BAHnjJSfTyP,
223,SUPA,Movie line,ZULUL,Uncommon,Supa Soldiers,,
224,SUPA HOT FIRE,Viral Video,Pepepains,Rare,Supa Hot Fire - The Rap Battle Parody,https://clips.twitch.tv/FuriousBoldIcecreamMoreCowbell-HMsq0aoFm3lLT0xh,
225,That was kinda sus,Video Game,amongE,Uncommon,SNUS ,https://clips.twitch.tv/DeadModernTrollThisIsSparta-aeeIwGFZxByMYKhC,
226,"Take me by the hand , lead me to the land",Song lyric,Ocean man copypasta,Rare,Ween - Ocean Man,,
227,Take on me,Song lyric,Pepepains,Very rare,A-ha - Take On Me,https://clips.twitch.tv/FrigidDreamyDiscNinjaGrumpy-KRTMbpnao7WcVJFD,
228,Taking the hobbits to isengard,Movie line,forsenPls,Very rare,taking the hobbits to isengard,https://clips.twitch.tv/OilyBrightSnoodBabyRage-JQuiA5g5-odO_1o7,
229,Tell me why,Song lyric,Pepepains,Very rare,Backstreet boys - I want it that way,https://clips.twitch.tv/TentativeMildCockroachDatSheffy-8EliyYS3hXg7qf7A,
230,Thanks arthur,Viral Video,Pepepains,Very rare,Thanks Arthur,,
231,That the way the cookie crumbles,Movie line,Pepepains :cookie:,Uncommon,Bruce Almighty ; Part 2,https://clips.twitch.tv/HumbleElatedSharkRuleFive-pZto2DRMTVXdwDcu,
232,That's all she wrote,Famous line,Pepepains,Common,Ernest Tubb That's All She Wrote,https://clips.twitch.tv/GoldenEvilPepperoniUWot-YYPUQm-L41xekoFx,
233,That's not very xqcl,Famous line,xqcL; forsenJoy,Common,That's not very xqcL,https://clips.twitch.tv/AttractiveCrispyMangetoutCurseLit-nvekNjPl8_CHTbnG,
234,The master baiter,Random line,forsenCoomer,Rare,-,https://clips.twitch.tv/ExuberantImpartialClamKappaRoss-0HD9Tvpe_cEc1s0H,
235,The best pirate i've ever seen,Movie line,forsenPirate ,Rare,"Pirates of the Caribbean - ""... best pirate I've ever seen""",https://github.com/badoge/soundboard/blob/8e4a43f1b92f2bfae44f01726d1c332d3625ceed/forsen/10lines/best%20pirate.mp3,
236,The best the best the best the best the best the best the best,Song lyric,Pepepains,Rare,Best of you - Foo Fighters ,https://clips.twitch.tv/BitterVivaciousAlbatrossSmoocherZ-pZSoOWpk6oJ1jJAK  ,
237,Then he waddled away. Waddle waddle. 'Til the very next day.,Song lyric,Pepepains; DuckerZ ,Very rare,The Duck Song,https://clips.twitch.tv/ArbitraryBlazingWombatShazBotstix-gS9wpAXhtDroNYu2,
238,"The numbers , mason",Video Game,forsenInsane,Rare,COD:Black Ops ,,
239,THE TIME WIZARD,Video Game,GACHIPRIDE,Uncommon,Jump Off The Bridge,https://clips.twitch.tv/ObservantRelentlessGalagoSuperVinlin-vbbaAtQbNqpSgVky,
240,Then i don't need a jacket,Famous line,Pepepains,Uncommon,then i dont need a jacket,https://clips.twitch.tv/PluckyCaringHumanYouWHY-_ya9EAjmFsGpyBjZ,
241,There must be some kind of way out of here ( said the joker to the theif),Song lyric,Pepepains ,Uncommon,The Jimi Hendrix Experience - All Along The Watchtower,https://clips.twitch.tv/SpinelessDarlingLaptopTooSpicy; https://clips.twitch.tv/ObedientCogentCockroachTwitchRaid-4F5FIHaC0kwQMQFT,
242,They call him bruce u,Movie line,ZULUL,Common,Who killed Captain Alex,https://clips.twitch.tv/BraveCleanShallotPeteZarollTie-JEe939W2Id9PAh2q,
243,They came from behind,Movie line,Pepepains,Rare,Star wars,https://clips.twitch.tv/CooperativeComfortableSpaghettiTooSpicy-u5gZ8C8AQHna9bQ6,
244,They hate us cause they anus,Movie line,Pepepains,Uncommon,The Interview,https://github.com/badoge/soundboard/blob/8e4a43f1b92f2bfae44f01726d1c332d3625ceed/forsen/10lines/hate%20us%20cuz%20they%20anus.mp3,
245,They see me rolling they hatin,Song lyric,Pepepains,Uncommon,Chamillionaire - Ridin' (Official Music Video) ft. Krayzie Bone,https://clips.twitch.tv/DirtySecretiveHerdTinyFace,
246,Thing go skraa - boom big shack,Viral Video,Pepepains ,Common,Mans not hot,https://clips.twitch.tv/PopularComfortableLapwingDoritosChip-Y3nEYLynKk_zlV78,
247,Thingy majing,Random line,-,Common,-,https://clips.twitch.tv/RefinedMushyCaribouShadyLulu-q9pATgdGwuVXyNHT,
248,Think of the childern,TV Show line,Pepepains,Rare,Simpsons,https://clips.twitch.tv/ExpensiveProductiveMageYouDontSay-Clz_ZUKg_1-sTKCr,
249,THIS IS MADNESS,Movie line,-,Rare,300,https://clips.twitch.tv/SquareLachrymosePassionfruitShadyLulu-gT5ggRDN6fPCME8U,
250,This is the way,TV Show line,forsenRedSonic; Pepepains,Common,Star wars The Mandalorian,https://clips.twitch.tv/KathishCrazyDadSMOrc,
251,Three musketeers,Movie line,-,Very rare,Novel:The Three musketeers,https://clips.twitch.tv/PhilanthropicDrabQuailPeteZaroll-cV87KDiLruCiDVij,
252,Time to throw,Famous line,Pepega,Rare,TIME TO THROW POGCHAMP (xqcL version),,
253,Two more for the price of one,Random line,Pepepains,Very rare,-,https://clips.twitch.tv/HelpfulFriendlyCoffeeDatBoi-F6JnsjDpEJVTsTXQ,
254,U fookin wot m8,Viral Video,TwaT,Rare,u wot m8,https://clips.twitch.tv/ShyInspiringLeopardTTours-VhTcE82yfzBD2iYB,
255,UNLIMITED POWER,Movie line,forsenSith,Rare,Star wars prequels,https://clips.twitch.tv/BeautifulPoorVelociraptorNerfBlueBlaster-2xkaG9ssTsEInZuI,
256,UNLOCK IT,Famous line,forsenSWA,Common,Forsen Pubg Rage,https://clips.twitch.tv/FrozenAverageSalsifyBIRB-4h0FNkpQdorCgI-W,
257,UNLUCKY,Famous line,forsenClown; BabyRage; GachiGASM,Common,Forsen Rage Pubg,https://clips.twitch.tv/RefinedClumsyCatLitty-hHXLlbvlirddwBXd,
258,Uuuuhhhhhh what's up doc?,TV Show line,-,Rare,Looney Tunes,https://clips.twitch.tv/BashfulTolerantMosquitoBleedPurple-PI34qGke4lU-vO-G,
259,VERY GOOD VERY GOOD,Viral Video,FeelsGoodMan,Rare,Very good! Very good!,https://clips.twitch.tv/AstuteTentativeAntBatChest-JhwLyFBs4ZaTRbqd,
260,We are boot to find out,Famous line,Pepepains ,Common,Forsen himself,https://clips.twitch.tv/ImpartialSparklyOryxUWot-KdoJzgSrGbXg7pNN,
261,We can make it if we try,Song lyric,Pepepains,Common,George Washington Jr feat. Bill Withers - Just the Two of Us,https://clips.twitch.tv/FurtiveNimblePieDancingBaby-vDn6M6TkX7ODfZR4,
262,We could've had it all,Song lyric,Pepepains,Rare,Adele - Rolling in the Deep,https://clips.twitch.tv/ObedientCogentCockroachTwitchRaid-4F5FIHaC0kwQMQFT,
263,We gonna need a bigger boat,Movie line,Pepepains,Rare,JAWS,,
264,We have a situation,Famous line,forsenCD,Common,DrDisrespect ,https://clips.twitch.tv/AssiduousSavageAlbatrossGOWSkull-lsrX_Z4oxGqVwyJp,
265,We have to go back jack,TV Show line,Pepepains,Very rare,Lost,https://clips.twitch.tv/UninterestedCloudyMetalAliens-kzAEaDasRB_xLacM,
266,WE LOVE FORTNITE!,Viral Video,POGGERS,Uncommon,We Like Fortnite ,https://youtu.be/At6zrDJL-Ek?t=78,
267,We will never know until we know you know,Random line,-,Uncommon,-,https://clips.twitch.tv/KindVibrantCasetteFutureMan-psh-9yFpUULgR7Ml,
268,"We will see we will see, the winner get tea",Famous line,Pepepains; TeaTime,Common,From PUBG,https://clips.twitch.tv/AbnegateObliviousRaccoonCmonBruh,
269,Welcome to uganda!,Movie line,ZULUL,Rare,Who killed Captain Alex,https://github.com/badoge/soundboard/blob/8e4a43f1b92f2bfae44f01726d1c332d3625ceed/forsen/10lines/welcome%20to%20uganda.mp3,
270,"West Virginia , mountain mama",Song lyric,Kkool ,Very rare,"John Denver - Take Me Home, Country Roads",https://clips.twitch.tv/EnergeticSuaveCasetteFreakinStinkin-f40jrGdZsxTvEYj9,
271,What are you doing in my swamp?,Movie line,SMOrc ,Very rare,Shrek line,,
272,What do you mean - jb <3,Song lyric,JB â™¥ - Pepepains,Uncommon,Justin Bieber - What Do You Mean?Â ,https://clips.twitch.tv/EasyGiantHippoLitFam-g6skG-xKRblW06cS,
273,What doesn't kill you makes you stronger,Song lyric,Pepepains,Very rare,Kelly Clarkson - Stronger ,https://clips.twitch.tv/NimbleAnimatedShrimpThisIsSparta-MNNZDDzsQcR__M2u,
274,WHAT IS THIS GAME ABOUT?!,Viral Video,YEAHBUTBTTV,Common,Dr. Disrespect,https://clips.twitch.tv/ZanyStylishKumquatDeIlluminati-3QIHIyHRliCq9zdl,
275,WHAT IS THIS GAME ABOUT?!,Viral Video,YEAHBUTBTTV,Common,Dr. Disrespect,https://clips.twitch.tv/SolidFamousLadiesCorgiDerp-e68KVSw4dsmxic1u,
276,WHAT IS THIS GAME ABOUT?!,Viral Video,YEAHBUTBTTV,Common,Dr. Disrespect,https://clips.twitch.tv/PoisedOilyTapirPunchTrees-nRPM9wHoKvezY9p1,
277,What is this? a comment for ants?!,Movie line,Pepepains,Common,Zoolander,https://clips.twitch.tv/ProudDeafPassionfruitPogChamp-Jl991KVwH7PMMOtT,
278,Whatcha talkin bout willis?,TV Show line,-,Uncommon,Diff'rent Strokes,https://clips.twitch.tv/OutstandingLightMarjoramNerfBlueBlaster-qcKzLZdZsLEEM5Wf,
279,What's cooler than being cool?,Song lyric,Pepepains,Rare,Outkast - Hey Ya! ,https://clips.twitch.tv/VastBrightCardOMGScoots-_li8XCaw77SIk-XV,
280,WHAT'S IN THE BOX?,Movie line,Pepepains,Rare,SE7EN,https://clips.twitch.tv/EnchantingEasyEelPogChamp-MQKywRDHTwAnQVCe,
281,What's up what's down what's in between?,Random line,-,Rare,Forsen Himself,https://clips.twitch.tv/RespectfulResilientChickenCharlieBitMe-Qfwl9kV1cl37tlL7,
282,What's your problem green?,Viral Video,forsenSWA; forsenSmash,Uncommon,Tense1983,https://clips.twitch.tv/FrigidSecretiveWoodpeckerBigBrother-vXmdmYLeF2xR6u-8,
283,When you mess with the best...,Famous line,Pepepains,Common,-,https://clips.twitch.tv/SplendidBreakableBurrito4Head-XpixJD2pkMV0tjPE; https://youtu.be/klVsgsel-GY?t=25,
284,when you try your best but you don't succeed,Song lyric,Pepepains,Rare,Coldplay - Fix You,https://github.com/badoge/soundboard/blob/8e4a43f1b92f2bfae44f01726d1c332d3625ceed/forsen/random%20singing/when%20you%20try%20your%20best1.mp3,
285,Where are my dragons?,TV Show line,Pepepains; Kreygasm,Uncommon,Game of thrones,https://clips.twitch.tv/ApatheticSmilingDonutBudBlast-HiktCxiFYw74HxTX,
286,Where are the others? (batman voice),Movie line,Pepepains,Very rare,The Dark Knight ,https://clips.twitch.tv/ObedientOddHawkKappaPride-JRgB94_zVgOti3df,
287,Where da hoes at?,Song lyric,Pepepains,Very rare,Snoop Dogg Where da hoes at?,https://clips.twitch.tv/RacySullenSpiderUnSane,
288,Where do we go now?,Song lyric,-,Very rare,Guns N' Roses - Sweet Child O' Mine,,
289,Where's my auctioneer?,Famous line,-,Very rare,Forsen's Arena Miracle Rogue - Hearthstone,https://github.com/badoge/soundboard/blob/8e4a43f1b92f2bfae44f01726d1c332d3625ceed/forsen/10lines/where%20is%20my%20auctioneer.mp3,
290,Where's rachel?,Movie line,Pepepains,Very rare,The Dark Knight ,https://github.com/badoge/soundboard/blob/8e4a43f1b92f2bfae44f01726d1c332d3625ceed/forsen/10lines/where%20is%20rachel.mp3,
291,Who is that pokemon,TV Show line,Pepepains,Rare,Who is that Pokemon,https://clips.twitch.tv/ChillyUgliestPhoneMingLee-hqqSlqMC9myLWOOO,
292,Why are you running?,TV Show line,ZULUL,Uncommon,Why are you running?,https://github.com/badoge/soundboard/blob/8e4a43f1b92f2bfae44f01726d1c332d3625ceed/forsen/10lines/why%20are%20you%20runnin.mp3,
293,Why don't you go fuck off then?,Viral Video,Pepepains,Uncommon,HOW CAN SHE SLAP?,https://clips.twitch.tv/UninterestedPeppyAsteriskPeoplesChamp-ExSkcGcothFQS7Dv,
294,i will catch a grenade for ya,Famous line,Pepega,Very rare,Bruno Mars - Grenade,https://clips.twitch.tv/SmilingResourcefulEchidnaCurseLit-w9FaOdim2s4IkiQ8,
295,"With great powers , comes great responsbilites",Movie line,Pepepains,Rare,SpiderMan ,https://clips.twitch.tv/AbnegateObliviousRaccoonCmonBruh,
296,Or as Bruce Lee would say .. WOTAAH,Famous line,Pepepains,Common,RAM III RAW Bruce Lee,https://clips.twitch.tv/TrappedBoxyRadicchioSoBayed-Q95SQ33NR1bjDfP5,
297,Woulda shoulda coulda,Random line,Pepepains,Very rare,-,https://github.com/badoge/soundboard/blob/8e4a43f1b92f2bfae44f01726d1c332d3625ceed/forsen/10lines/shoulda%20woulda%20coulda.mp3,
298,"Yes no maybe , i don't know",Song lyric,Pepepains,Uncommon,Malcolm in the middle theme song,https://clips.twitch.tv/HyperSeductiveLEDTwitchRPG-b-V3uyjZ2lin9XZQ,
299,Yes this is dog,Famous line,Pepepains,Common,Famous meme,https://clips.twitch.tv/FragileKawaiiGrassMingLee-IQQdhQ7aL4vxPPBn,
300,YOLO swag 420 blaze it this shit,Random line,-,Very rare,-,https://github.com/badoge/soundboard/blob/8e4a43f1b92f2bfae44f01726d1c332d3625ceed/forsen/10lines/yolo3.mp3,
301,You only YOLO once,Random line,-,Very rare,-,https://clips.twitch.tv/GeniusYummyWolverineMcaT-31n2rxqovg59jRLc,
302,"You can't beat me , my time is now",Famous line,Pepepains,Very rare,John cena reference?,,
303,You kiss ur mom with that mouth,Viral Video,forsenPrime,Uncommon,Ninja H1Z1 rage,,
304,You know the rules and so do i,Song lyric,:tf: ; Pepepains,Very rare,Rick Astley - Never Gonna Give You Up,https://clips.twitch.tv/RepleteInterestingBatteryRitzMitz-n7vUYtYMZIQ8zuGz,
305,You mad bro? i would be mad. I would be fucking pissed,Famous line,:tf: ; forsenSmug; EZY,Uncommon,Radio Kappa 10 - NYMN,https://github.com/badoge/soundboard/blob/8e4a43f1b92f2bfae44f01726d1c332d3625ceed/forsen/EZ/umad.ogg,
306,You probably wondering how i got here,Movie line,Pepepains,Common,"Yep, That's Me You're Probably Wonderingâ€¦",https://clips.twitch.tv/PiliableResourcefulClintmullinsHumbleLife-9UFPuMAsp5jmI3hm,
307,YOU SHALL NOT PASS,Movie line,Pepepains,Rare,The lord of the rings ,https://clips.twitch.tv/EvilBrainyOctopusRickroll-IhQWOFM8VCwVbgdl,
308,You spin my head right round,Song lyric,Pepepains,Rare,Flo Rida - Right Round,https://clips.twitch.tv/VastDreamySquirrelKreygasm-pjWmdwLMP8EbCkrS,
309,You talking to me?,Movie line,-,Rare,Taxi Driver,,
310,You will never see me again,Song lyric,-,Very rare,September - Cry For You,https://clips.twitch.tv/GoldenEnticingGorillaDoubleRainbow-BMp5pLpzLhj50HPb,
311,You're a wizard harry!,Movie line,Pepepains,Uncommon,You're a Wizard Harry,https://clips.twitch.tv/ScaryThirstyTortoiseItsBoshyTime-wi6sEnG9EneuFdoc,
312,You're telling me,Video Game,ANELE,Rare,GTA V Store cashier,https://clips.twitch.tv/DepressedRockyNewtHotPokket-apY5sgLMsSHV8KRC,
313,You've taken everything from me,Movie line,Pepepains,Very rare,Says with batman voice,,
314,Sitting on the toilet,Viral Video,Pepepains,Very rare,Sitting on the toilet,https://clips.twitch.tv/SingleAltruisticPangolinPraiseIt-pBqH2hUrdMva05Jo,
315,See Ya Wouldn't Wanna Be Ya,Movie line,Pepepains,Very rare,New Jack City (1991),https://clips.twitch.tv/PeacefulYawningFoxOpieOP-9MwwzhszNBbhRFVR,
316,He's/She's a maneater,Song lyric,Kkool ,Very rare,Maneater Â· Daryl Hall & John Oates,https://clips.twitch.tv/SuspiciousNimbleClamTakeNRG-Un60jkXTs_p3TgH9,
317,That's what she said,TV Show line,Pepepains,Very rare,The office ,https://clips.twitch.tv/AgreeablePreciousPeanutNerfRedBlaster-QWUlDPl1ZPX_Mjwg,
318,Say hello to my little friend,Movie line,Pepepains,Uncommon,Scarface ,https://clips.twitch.tv/IgnorantTacitSandwichDancingBanana-ROVRpj5v7xeDT86Q,
319,FAK IT ,Random line,monkaTOS,Uncommon,Forsen Himself,https://clips.twitch.tv/GeniusYummyWolverineMcaT-31n2rxqovg59jRLc,
320,Run Forrest run! ,Movie line,Pepepains,Uncommon,Forrest Gump,https://clips.twitch.tv/AmazonianSpeedyPidgeonArgieB8-hochwhRqTbSq83mh,
321,Do you know what it feels like?,Song lyric,Pepepains,Very rare,Enrique Iglesias - Do you know?,https://clips.twitch.tv/ObedientMuddyOxHeyGirl-q3W6w-fH6pwMdjMO,
322,Toss A Coin To Your Witcher,TV Show line,Pepepains,Very rare,The Witcher Netflix show,https://clips.twitch.tv/SuaveConfidentHabaneroPlanking-5uqQGL-P46FTNgLL,
323,I always feel like somebody is watching me,Song lyric,Pepepains,Very rare,Rockwell - Somebody's Watching Me,https://clips.twitch.tv/CrepuscularColdbloodedKleeBCouch-Vfsj20qMw0PBcIh-,
324,You're Beautiful ,Song lyric,Pepepains,Very rare,You're beautiful - James Blunt,https://clips.twitch.tv/LuckyFunConsoleWOOP-R0k3845h8UH6GwGM,
325,Disgustang,Viral Video,Pepepains,Rare,https://www.youtube.com/watch?v=W90EUvfaDeI,https://clips.twitch.tv/DeterminedLittleKiwiSeemsGood-JpVv52s0J4Ll4yiT,
326,I come from a land down under,Song lyric,Pepepains,Very rare,Men at Work - Land Down Under,https://clips.twitch.tv/DeliciousDifficultAntDoggo-Htsx9hPJAnMwU99s,
327,VAPE  NATION,Viral Video,VapeNation,Very rare,h3h3 - vapenation ,https://clips.twitch.tv/OilyObedientBubbleteaTinyFace-qXPk5wBmP5d9VPoQ,
328,Oh my God in heaven,Famous line,Pepepains,Common,Forsen Himself,https://clips.twitch.tv/AltruisticManlyNeanderthalJonCarnage-WTtwaV0-DvCktKil,
329,Let it be,Song lyric,Pepepains,Very rare,Let it be - The beatles,https://clips.twitch.tv/GoldenBloodySeahorseKappaWealth-hBy6RIrMGlmgu5gV,
330,Dead Giveaway,Viral Video,Pepepains,Very rare,Dead Giveaway! - schmoyoho,https://clips.twitch.tv/PiliableGleamingLampKippa-CSy-2aCxUP4RBXjY,
331,Retardo Patronum,Movie line,Pepepains,Common,HARRY POTTER,https://clips.twitch.tv/ProtectiveTameCaribouKappaWealth-I65trrtnFPise1sR,
332,You Wouldn't Like Me When I'm Angry.,TV Show line,Pepepains,Very rare,Mr.Mcgree,https://clips.twitch.tv/ElegantFantasticElkSoonerLater-mIXQ-PuvIHmrL4ma,
333,WON'T BE LIKE THAT,Random line,Pepepains,Very rare,,https://clips.twitch.tv/GlutenFreeSleepyBeeResidentSleeper-43lOhLeaHwQSuf6F,
334,3 BULLETS TO SAVE THE WORLD,Famous line,Pepepains,Very rare,,https://clips.twitch.tv/VastAmericanLemurGrammarKing-ybQ47aeFnrrI1Z0U,
335,no matter what they say ... words can't bring me down ,Song lyric,Pepepains,Very rare,Christina Aguilera - Beautiful ,https://clips.twitch.tv/SaltyMiniatureJaguarHoneyBadger-v4GWLeW8HzYE_7br,
336,CUT MY LIFE INTO PIECES,Song lyric,Pepepains,Rare,Papa Roach - Last Resort,https://clips.twitch.tv/FurryOilyVulturePanicBasket-kP9PJ7NSK2xJikpw,
337,Let them come,Movie line,Pepepains,Very rare,LOTRhttps://youtu.be/NcD7eDHDBUU?t=35,https://clips.twitch.tv/VictoriousAmorphousMomFrankerZ-oCQ50PKKMkj5lScs,
338,Now you're gonna see This is how we do action in Uganda!,Movie line,ZULUL,Rare,WHO KILLED CAPTAIN ALEX?,https://clips.twitch.tv/VibrantTangiblePepperBudBlast-xYcb8YvROXPRu_E5,
339,IN YOUR HEAD,Song lyric,Pepepains,Very rare,The Cranberries - Zombie ,https://clips.twitch.tv/EasyGenerousMarrowPRChase-R39-SLeOAZAn3K1G,
340,Pistolero,Famous line,Pepepains,Uncommon,,https://clips.twitch.tv/BrightBoredAardvarkRlyTho-9J0n3gih4CO_3EJG,
341,Why I must cry,Song lyric,Pepepains,Very rare,https://www.youtube.com/watch?v=8mWW6kRITEY,https://clips.twitch.tv/TransparentCrypticJellyfishArgieB8-JrGIQGa5eSLGRsZ3,
342,I GOT THIS,Famous line,forsenGa,Common,,https://clips.twitch.tv/GloriousNeighborlyBottleNotLikeThis-2JxKwPrhUiYVgEsr,
343,"Random Beatboxing",Famous line,pepeJAM,Common,,https://clips.twitch.tv/EnchantingCrispyDootSoonerLater-Ij8zxlo6OsFtE1zz,
344,So am I still waiting For this world to stop hating,Song lyric,Pepepains,Very rare,Sum 41 - Still Waiting ,https://clips.twitch.tv/RespectfulSingleRedpandaPraiseIt-pOyBOgj5K0bvV6mT,
345,are you winning son?,Random line,Pepepains,Very rare,https://knowyourmeme.com/memes/are-ya-winning-son,https://clips.twitch.tv/FunnyGleamingPhoneResidentSleeper-AgCYw9EtyGUcLePL,
346,Nice and Easy wins the race,Random line,Pepepains,Uncommon,,https://youtube.com/clip/UgkxO5Xg0QQZcNKC6kqW6HwmaNIEwC8mLJWu,
347,I will find him,Random line,Pepepains,Very rare,Man Of Steel,https://clips.twitch.tv/ClumsyBlueLyrebirdWTRuck-owdYoHNwHIXTNzhL,
348,Golden Legendary,Video Game,Pepepains,Uncommon,Hearthstone,https://clips.twitch.tv/SweetCaringSoymilkSoBayed-F6cBpla3q0FEab7i,
349,Decisions decisions,Famous line,-,Common,,https://clips.twitch.tv/FrozenPeppyLampDancingBanana-cbAO5F4_t3eYQp4p,
350,Fridays with PewDiePie,Viral Video,cmonBruh,Very rare,Fridays with PewDiePie,https://clips.twitch.tv/RenownedStrangeStinkbugMikeHogu-3ZczS186W2xeTiKf,
351,"EXCUTE ORDER 69",Movie line,Pepepains,Rare,Star wars ,https://clips.twitch.tv/NastyReliablePartridgeSoonerLater-jICStQTqtK1XS7bU,
352,Jesse we have to cook,TV Show line,forsin,Very rare,Breaking Bad - WALT NEVER SAID THIS LINE EVER IN THE SHOW WTF,https://clips.twitch.tv/AltruisticRamshackleGarbagePipeHype-SCwIKh4pkTG_F1sA,
353,And they say chivalry is dead,Video Game,Pepepains,Rare,Doomfist line from overwatch,https://clips.twitch.tv/HeadstrongInterestingPresidentMingLee-Vcyq59bjdOtz3YiW,
354,Crashing this plane... WITH NO SURVIVORS!,Movie line,Pepepains,Uncommon,BATMAN - BANE LINE,https://clips.twitch.tv/LuckyChillyPlumberYouWHY-riF4WGTaMJQTX7tG,
355,"I Used To Be An Adventurer Like You, Then I Took An Arrow In The Knee.",Video Game,Pepepains,Very rare,Skyrim,https://clips.twitch.tv/BlindingSassyToadPunchTrees-m_7PdHYndBe8iNH0,
356,I'd like you to get the fuck outta here!,Movie line,Pepepains,Very rare,Food of the Gods II,https://clips.twitch.tv/ObservantCrypticKangarooAliens-Igfx26xSblXKNOLP,
357,Words can't bring me down,Song lyric,Pepepains,Very rare,Christina Aguilera - Beautiful,https://clips.twitch.tv/VainPrettyPepperKappaPride-uWYp8OzvLLRmMjM2,
358,Alright who wants some,Viral Video,Pepepains,Uncommon,The Wealdstone Raider,https://clips.twitch.tv/WonderfulFriendlyJellyfishDeIlluminati-dn2CUk2l98t-P7KS,
359,My Name is Boxxy,Viral Video,Pepepains,Very rare,Boxxy,https://clips.twitch.tv/DelightfulFamousSpiderDoggo-zhDuyziHP4jGnuvo,
360,Para bailar la bamba,Song lyric,Pepepains,Very rare,La Bamba,https://clips.twitch.tv/LittleNicePorpoiseSoonerLater-YVPgwWUe07j7a0uo,
361,LEAVE HER JOHHNY,Song lyric,forsenPirate ,Very rare,Leave her honny sea shanty,https://clips.twitch.tv/AliveAverageCocoaFUNgineer-L-WhdGl3gVe9uefS,
362,hey you with the pretty face welcome to the human race,Song lyric,Pepepains,Very rare,ELO - MR. BLUE SKY,https://clips.twitch.tv/TastyHungryRabbitOSfrog-zq9GKoEAfK9nfMJY,
363,"It's over anakin, i've the high ground",Movie line,Pepepains,Rare,Obi-wan - star wars prequels,https://clips.twitch.tv/PlacidTangibleRhinocerosDatSheffy-x-dyekOE1t3KTOjK,
364,Everything is black,Song lyric,RlyTho,Very rare,Unlike Pluto - Everything Black,https://clips.twitch.tv/MoistExquisitePresidentPraiseIt-6DdF8a1JkhQ_Na2j,
365,"Get on the floor, Everybody walk the dinosaur.",Song lyric,Pepepains,Very rare,Was Not Was - Walk The Dinosaur,https://clips.twitch.tv/SoftSplendidDiamondFutureMan-oTM7Ep3V0-vQq3kC,
366,Say something I'm giving up on you!,Song lyric,Pepepains,Very rare,"A Great Big World, Christina Aguilera - Say Something",https://clips.twitch.tv/WrongEsteemedPangolinDAESuppy-IdLGAxOpxcGyULo8,
367,A wizard is never late,Movie line,Pepepains,Very rare,LOTR ,https://clips.twitch.tv/RamshackleLuckySalsifyYouDontSay-cDXqYgdO9o0iN_TB,
368,OH BABY A TRIPLE,Viral Video,Pepepains,Rare,COD KID MEME ,https://clips.twitch.tv/DistinctDistinctOkapiOpieOP-k_wsr8WX4HF9FMNt,
369,SHUT UP MEG,TV Show line,Pepepains,Rare,Family Guy meme,https://clips.twitch.tv/TacitSilkyDragonMcaT-2sLy_TgbSOd39xUP,